
[
    {
      "id": 1,
      "productName": "Soft drink",
      "price": 50,
      "image": "https://media.istockphoto.com/id/487787108/photo/can-of-coca-cola-on-ice.jpg?s=1024x1024&w=is&k=20&c=MU3eVQvDJOn4K3F5CtCq8bQIE6cfUHGwNqulsTMuDN8=",
      "category": "Category 1",
      "rating": 4.5
    },
    {
      "id": 2,
      "productName": "Namkeen",
      "price": 30,
      "image": "https://media.istockphoto.com/id/1586817015/photo/mixture.jpg?s=1024x1024&w=is&k=20&c=yTAWcQOdATXeeY7gWhbkDKAGdI8ExbpeNUY4UI1IYvk=",
      "category": "Category 2",
      "rating": 4.2
    },
    {
        "id": 3,
        "productName": "Biscuit",
        "price": 30,
        "image": "https://media.istockphoto.com/id/174478330/photo/chocolate-chip-cookies-on-white.jpg?s=1024x1024&w=is&k=20&c=8c0_S0Izy1AtvWJZnP1i9jWB3v0AhwD1kMGeiuZBG0M=",
        "category": "Category 2",
        "rating": 4.2
      },
      {
        "id": 4,
        "productName": "Chocolate",
        "price": 40,
        "image": "https://media.istockphoto.com/id/965487714/photo/stack-of-milk-and-dark-chocolate-with-nuts-caramel-and-fruits-and-berries-on-wooden-background.jpg?s=1024x1024&w=is&k=20&c=X2utr6lFWF6rTx3ZMfOxianv59eKjnLWIairIEYt1mg=",
        "category": "Category 2",
        "rating": 4.2
      },
      {
        "id": 5,
        "productName": "Bread",
        "price": 30,
        "image": "https://media.istockphoto.com/id/479684838/photo/french-bread.jpg?s=1024x1024&w=is&k=20&c=UeRMduvaCsjjnm4HhpqDLCdLiatzYWq7N2j-B05UdPM=",
        "category": "Category 2",
        "rating": 4.2
      },
      {
        "id": 6,
        "productName": "Ketchup",
        "price": 80,
        "image": "https://media.istockphoto.com/id/1358893281/photo/tomato-sauce-in-a-wooden-plate.jpg?s=1024x1024&w=is&k=20&c=mbaLJCc03-_UZ4cGn_HO8FfjaBVbTgsdXo7wZ0yCk0w=",
        "category": "Category 2",
        "rating": 4.2
      },
      {
        "id": 7,
        "productName": "Waffles",
        "price": 50,
        "image": "https://media.istockphoto.com/id/1358893281/photo/tomato-sauce-in-a-wooden-plate.jpg?s=1024x1024&w=is&k=20&c=mbaLJCc03-_UZ4cGn_HO8FfjaBVbTgsdXo7wZ0yCk0w=",
        "category": "Category 2",
        "rating": 4.2
      },
      {
        "id": 8,
        "productName": "Candies",
        "price": 30,
        "image": "https://media.istockphoto.com/id/674582668/photo/colorful-candies-background.jpg?s=1024x1024&w=is&k=20&c=_WOK6SgQknf0Xu8OBCFniDGq22e4GHrxed08kphQOqo=",
        "category": "Category 2",
        "rating": 4.2
      }
   
  ]
  